Doc_Num,Perm_Type,Recv_Date,Prop_Depth,Latitude,Longitude,UTM_X,UTM_Y
400478446,DR,10/16/2013,7800,40.176380,-105.051540,495612,4447335
400646693,DR,10/1/2015,11904,40.581750,-104.772500,519254,4492354
400646694,DR,10/1/2015,11874,40.581580,-104.772500,519254,4492335
400646695,DR,10/1/2015,12084,40.581660,-104.772500,519254,4492344
400646696,DR,8/4/2015,11909,40.559840,-104.787980,517949,4489919
400646697,DR,8/4/2015,12330,40.559840,-104.788550,517901,4489918
400646704,DR,8/4/2015,12507,40.559840,-104.788660,517892,4489918
400651401,DR,1/12/2015,17590,40.071988,-105.038820,496690,4435748
400651403,DR,1/12/2015,17776,40.071988,-105.038784,496693,4435748
400651407,DR,1/12/2015,17490,40.071987,-105.038748,496696,4435748
400651415,DR,1/12/2015,17701,40.071987,-105.038713,496699,4435748
400651417,DR,1/12/2015,17440,40.071987,-105.038677,496702,4435748
400651420,DR,1/12/2015,17664,40.071987,-105.038641,496705,4435748
400651422,DR,1/12/2015,17411,40.071987,-105.038605,496708,4435748
400651423,DR,1/12/2015,17653,40.071987,-105.038570,496711,4435748
400651427,DR,1/12/2015,17421,40.071987,-105.038534,496714,4435748
400653017,DR,9/26/2014,12178,40.458722,-104.946128,504568,4478674
400653258,DR,10/3/2014,13711,40.459050,-104.946236,504558,4478711
400653389,DR,10/2/2014,15131,40.459050,-104.946289,504554,4478711
400653448,DR,10/2/2014,15132,40.459050,-104.946342,504549,4478711
400653548,DR,10/2/2014,13849,40.459050,-104.946019,504577,4478711
400653640,DR,9/26/2014,12003,40.458722,-104.946075,504572,4478674
400653685,DR,9/26/2014,11842,40.458719,-104.945914,504586,4478674
400690102,DR,9/26/2014,11707,40.458719,-104.945644,504609,4478674
400690515,DR,9/26/2014,12037,40.458719,-104.946019,504577,4478674
400691250,DR,10/27/2014,12334,40.458722,-104.946289,504554,4478674
400691394,DR,10/24/2014,17977,40.459378,-104.945750,504600,4478747
400691401,DR,10/24/2014,17971,40.459381,-104.945803,504595,4478747
400691406,DR,10/24/2014,17738,40.459381,-104.945911,504586,4478747
400691595,DR,10/24/2014,17707,40.459381,-104.945964,504581,4478747
400691857,DR,10/24/2014,17516,40.459381,-104.946125,504568,4478747
400691891,DR,10/24/2014,17559,40.459381,-104.946181,504563,4478747
400691916,DR,10/24/2014,17354,40.459381,-104.946289,504554,4478747
400691929,DR,10/24/2014,17402,40.459381,-104.946342,504549,4478747
400795546,DR,7/12/2015,2804,37.214430,-107.538680,274734,4121680
400796355,DR,2/25/2015,14504,40.319425,-104.906885,507911,4463215
400796446,DR,2/25/2015,13996,40.319392,-104.906886,507911,4463212
400796472,DR,2/25/2015,14205,40.319228,-104.906891,507911,4463194
400796487,DR,2/25/2015,13704,40.319195,-104.906892,507911,4463190
400796547,DR,2/25/2015,13781,40.319261,-104.906890,507911,4463197
400796562,DR,2/25/2015,14388,40.319359,-104.906887,507911,4463208
400796576,DR,2/25/2015,13891,40.319326,-104.906888,507911,4463204
400796625,DR,2/25/2015,14632,40.319491,-104.906883,507911,4463223
400796646,DR,2/25/2015,14121,40.319458,-104.906884,507911,4463219
400819354,DR,11/13/2015,8551,39.479161,-107.559759,279835,4373080
400819406,DR,11/13/2015,8531,39.479183,-107.559723,279838,4373082
400819429,DR,11/13/2015,8562,39.479188,-107.559751,279835,4373083
400819465,DR,11/13/2015,8525,39.479156,-107.559731,279837,4373079
400819513,DR,11/13/2015,8664,39.479166,-107.559786,279832,4373080
400819534,DR,11/13/2015,8739,39.479192,-107.559779,279833,4373083
400819692,DR,11/13/2015,8885,39.479170,-107.559814,279830,4373081
400819735,DR,11/13/2015,9010,39.479197,-107.559806,279831,4373084
400819786,DR,11/13/2015,8376,39.479185,-107.559897,279823,4373083
400819807,DR,11/13/2015,8367,39.479190,-107.559925,279820,4373083
400819823,DR,11/13/2015,8387,39.479217,-107.559917,279821,4373086
400819836,DR,11/13/2015,8420,39.479212,-107.559889,279824,4373086
400819846,DR,11/13/2015,8520,39.479180,-107.559869,279825,4373082
400819868,DR,11/13/2015,8625,39.479207,-107.559862,279826,4373085
400819893,DR,11/13/2015,8770,39.479175,-107.559842,279827,4373082
400819912,DR,11/13/2015,8896,39.479202,-107.559834,279828,4373085
400821027,DR,12/13/2015,11147,40.391000,-104.421450,549102,4471317
400821028,DR,12/13/2015,11151,40.391040,-104.421400,549106,4471321
400821030,DR,12/13/2015,11087,40.391090,-104.421360,549110,4471327
400821031,DR,12/13/2015,11353,40.391130,-104.421320,549113,4471331
400821032,DR,12/13/2015,11303,40.390950,-104.421490,549099,4471311
400831673,DR,10/30/2015,15967,39.281140,-108.273030,217677,4353084
400839291,DR,1/4/2016,17580,40.003150,-104.868583,511217,4428115
400839754,DR,1/4/2016,17613,40.003233,-104.868586,511217,4428124
400847594,DR,1/5/2016,16296,40.541937,-104.187091,568838,4488227
400847651,DR,1/5/2016,16380,40.542061,-104.187092,568838,4488241
400847820,DR,1/5/2016,16419,40.542019,-104.187092,568838,4488236
400847829,DR,1/5/2016,16279,40.542102,-104.187093,568838,4488245
400847839,DR,1/5/2016,16180,40.541978,-104.187091,568838,4488232
400847854,DR,1/5/2016,16381,40.542184,-104.187094,568838,4488255
400847980,DR,1/5/2016,16289,40.542225,-104.187094,568838,4488259
400847994,DR,1/5/2016,16181,40.542143,-104.187093,568838,4488250
400848007,DR,6/9/2015,16215,40.542266,-104.187095,568838,4488264
400848219,DR,1/5/2016,16439,40.542349,-104.187095,568838,4488273
400848238,DR,1/5/2016,16474,40.542308,-104.187095,568838,4488268
400848289,DR,1/5/2016,16372,40.542390,-104.187096,568837,4488277
400848340,DR,1/5/2016,16304,40.542431,-104.187096,568837,4488282
400851480,DR,10/27/2015,11001,40.731130,-103.972040,586804,4509419
400852062,DR,1/13/2016,12293,40.501036,-104.873779,510695,4483377
400852413,DR,1/13/2016,12318,40.500995,-104.873779,510695,4483373
400856036,DR,1/13/2016,12683,40.500542,-104.873780,510695,4483323
400856063,DR,1/13/2016,12853,40.500501,-104.873780,510695,4483318
400856143,DR,1/13/2016,13035,40.500459,-104.873780,510695,4483313
400856539,DR,1/13/2016,12855,40.500418,-104.873780,510695,4483309
400856626,DR,1/13/2016,13027,40.500377,-104.873780,510695,4483304
400856652,DR,1/13/2016,13174,40.500336,-104.873781,510695,4483300
400856681,DR,1/13/2016,13012,40.500295,-104.873781,510695,4483295
400857033,DR,12/8/2015,19230,40.438380,-104.723280,523469,4476452
400857038,DR,12/8/2015,19456,40.438420,-104.723260,523471,4476456
400857076,RE,7/1/2015,5040,40.769610,-103.212630,650846,4514719
400857710,DR,1/19/2016,15202,39.638964,-104.592283,534985,4387766
400864908,DR,12/8/2015,20504,40.438370,-104.722740,523515,4476451
400864910,DR,12/8/2015,20553,40.438370,-104.722630,523524,4476451
400864912,DR,12/8/2015,20664,40.438370,-104.722510,523534,4476451
400865188,DR,12/8/2015,19174,40.438370,-104.723200,523476,4476451
400865193,DR,12/8/2015,18930,40.438370,-104.723090,523485,4476451
400865206,DR,12/8/2015,18752,40.438370,-104.722970,523495,4476451
400865213,DR,12/8/2015,18535,40.438370,-104.722940,523498,4476451
400865221,DR,12/8/2015,18493,40.438370,-104.722880,523503,4476451
400865238,DR,12/8/2015,20328,40.438370,-104.722830,523507,4476451
400865243,DR,12/8/2015,20528,40.438370,-104.722860,523505,4476451
400866256,DR,7/12/2015,7301,37.214430,-107.538680,274734,4121680
400866318,DR,7/12/2015,7286,37.214430,-107.538680,274734,4121680
400866428,DR,7/29/2015,17934,39.702397,-104.674822,527877,4394778
400875023,DR,11/2/2015,15710,40.408077,-104.142207,572784,4473405
400875215,DR,9/28/2015,15814,40.408078,-104.142261,572779,4473405
400875243,DR,11/2/2015,15966,40.408075,-104.142153,572788,4473404
400875373,DR,11/5/2015,12753,40.089356,-105.025285,497844,4437675
400875465,DR,11/5/2015,13023,40.089356,-105.025250,497847,4437675
400875472,DR,11/5/2015,12710,40.089356,-105.025214,497851,4437675
400875515,DR,11/5/2015,12907,40.089356,-105.025178,497854,4437675
400875539,DR,11/5/2015,12637,40.089355,-105.025143,497857,4437675
400875547,DR,11/5/2015,12997,40.089355,-105.025107,497860,4437675
400875692,DR,11/5/2015,12716,40.089355,-105.025071,497863,4437675
400875777,DR,8/6/2015,11831,40.073839,-104.605981,533597,4436027
400875901,DR,11/5/2015,13018,40.089355,-105.025035,497866,4437675
400875908,DR,11/5/2015,13014,40.089355,-105.025000,497869,4437675
400875937,DR,11/5/2015,12953,40.089355,-105.024964,497872,4437675
400875970,DR,11/5/2015,13269,40.089355,-105.024928,497875,4437675
400876093,DR,8/5/2015,12002,40.073839,-104.605872,533606,4436027
400876470,DR,8/6/2015,11677,40.073839,-104.605764,533616,4436027
400876634,DR,10/27/2015,15044,40.510282,-106.384304,382719,4485316
400876697,DR,11/5/2015,11767,40.089355,-105.024892,497878,4437675
400876698,DR,11/5/2015,11758,40.089355,-105.024857,497881,4437675
400876699,DR,11/5/2015,12021,40.089354,-105.024821,497884,4437675
400876700,DR,11/5/2015,11760,40.089354,-105.024785,497887,4437675
400876701,DR,11/5/2015,11828,40.089354,-105.024749,497890,4437675
400877150,DR,11/2/2015,15874,40.408074,-104.142099,572793,4473404
400877164,DR,8/6/2015,11742,40.073839,-104.605550,533634,4436027
400877173,DR,11/2/2015,15696,40.408072,-104.141991,572802,4473404
400877194,DR,11/2/2015,15725,40.408068,-104.141830,572816,4473404
400882806,DR,8/12/2015,10882,40.369940,-104.427030,548644,4468976
400883991,DR,1/8/2016,12729,40.073796,-104.789402,517957,4435969
400884148,DR,1/8/2016,13135,40.073797,-104.789080,517985,4435969
400887581,DR,12/10/2015,10686,40.742710,-103.918440,591314,4510759
400887584,DR,12/10/2015,10555,40.742710,-103.918580,591303,4510758
400887585,DR,12/10/2015,10620,40.742710,-103.918720,591291,4510758
400887586,DR,12/10/2015,10267,40.741260,-103.923310,590905,4510593
400887587,DR,12/10/2015,10346,40.741260,-103.923440,590894,4510592
400887589,DR,12/10/2015,10352,40.741270,-103.928850,590437,4510588
400887590,DR,12/10/2015,10246,40.741270,-103.928990,590426,4510588
400887591,DR,12/10/2015,10335,40.741270,-103.929120,590415,4510588
400887593,DR,12/10/2015,10397,40.731690,-103.932890,590109,4509520
400887594,DR,12/10/2015,10444,40.731690,-103.933030,590097,4509520
400887595,DR,12/10/2015,10395,40.731690,-103.933160,590087,4509520
400887888,DR,1/8/2016,13015,40.073797,-104.789188,517975,4435969
400887980,DR,10/30/2015,6893,40.365310,-104.496950,542711,4468426
400887981,DR,10/30/2015,7455,40.365270,-104.496980,542708,4468421
400887982,DR,10/30/2015,7019,40.365230,-104.497000,542706,4468417
400887983,DR,10/30/2015,6924,40.365190,-104.497020,542705,4468412
400887984,DR,10/30/2015,7180,40.365150,-104.497040,542703,4468408
400887985,DR,10/30/2015,7159,40.365110,-104.497070,542701,4468404
400887986,DR,10/30/2015,7258,40.365070,-104.497090,542699,4468399
400887989,DR,10/30/2015,6924,40.358240,-104.504820,542047,4467637
400887990,DR,10/30/2015,6881,40.358220,-104.504870,542043,4467635
400887991,DR,10/30/2015,6953,40.358210,-104.504920,542038,4467634
400887992,DR,10/30/2015,7195,40.358190,-104.504980,542033,4467632
400887993,DR,10/30/2015,6927,40.358180,-104.505030,542029,4467630
400887994,DR,10/30/2015,6960,40.358160,-104.505090,542024,4467628
400888668,DR,9/11/2015,18319,40.970094,-104.701570,525110,4535480
400888674,DR,9/11/2015,18374,40.970089,-104.701353,525128,4535480
400888682,DR,9/11/2015,19001,40.969686,-104.705032,524819,4535434
400888689,DR,9/11/2015,18648,40.969605,-104.704962,524825,4535425
400888693,DR,9/11/2015,18454,40.969541,-104.704893,524830,4535418
400888697,DR,9/11/2015,18368,40.969478,-104.704823,524836,4535411
400888709,DR,12/7/2015,12328,40.011917,-104.801886,516908,4429099
400888849,DR,12/7/2015,12558,40.011917,-104.801939,516903,4429099
400888889,DR,12/4/2015,17679,40.011917,-104.801992,516899,4429099
400888919,DR,12/4/2015,17595,40.011917,-104.802044,516895,4429099
400889032,DR,1/8/2016,12927,40.073798,-104.789027,517989,4435969
400889062,DR,12/4/2015,17831,40.011917,-104.802100,516890,4429099
400889181,DR,9/14/2015,9430,40.669054,-106.126353,404799,4502630
400889194,DR,12/4/2015,17867,40.011917,-104.802206,516881,4429099
400889212,DR,12/4/2015,17673,40.011917,-104.802153,516885,4429099
400889255,DR,12/4/2015,17752,40.011917,-104.802314,516871,4429099
400889285,DR,12/4/2015,17973,40.011917,-104.802367,516867,4429099
400889300,DR,12/4/2015,17744,40.011917,-104.802419,516863,4429099
400889342,DR,12/4/2015,17876,40.011917,-104.802475,516858,4429099
400893756,DR,10/27/2015,11023,40.733230,-103.972070,586799,4509652
400893757,DR,10/27/2015,10974,40.733330,-103.972070,586799,4509663
400893758,DR,10/27/2015,11122,40.733430,-103.972070,586799,4509674
400893760,DR,10/27/2015,11044,40.731240,-103.972040,586804,4509431
400893761,DR,10/27/2015,10988,40.731340,-103.972040,586804,4509442
400900958,DR,12/21/2015,15935,40.759080,-103.949080,588706,4512544
400900994,DR,12/21/2015,15957,40.759150,-103.951120,588533,4512550
400901249,DR,12/21/2015,15937,40.759080,-103.948950,588717,4512545
400901261,DR,12/21/2015,16070,40.759080,-103.948810,588729,4512545
400908895,DR,10/8/2015,15863,40.302250,-104.356339,554700,4461504
400908896,DR,10/8/2015,15923,40.302289,-104.356336,554700,4461508
400909196,RC,11/5/2015,5433,40.227954,-103.549317,623419,4454068
400911008,DR,10/9/2015,16059,40.288319,-104.337583,556305,4459969
400911013,DR,10/9/2015,15995,40.288239,-104.337583,556305,4459960
400911017,DR,10/9/2015,16186,40.288156,-104.337583,556306,4459951
400911036,DR,10/9/2015,16096,40.288114,-104.337583,556306,4459946
400911037,DR,10/9/2015,16139,40.288197,-104.337583,556305,4459956
400911135,DR,10/9/2015,16139,40.284917,-104.337594,556307,4459591
400911136,DR,10/9/2015,16036,40.284833,-104.337594,556307,4459582
400911137,DR,10/9/2015,16106,40.284753,-104.337594,556307,4459573
400911140,DR,10/9/2015,16032,40.284669,-104.337594,556307,4459564
400911141,DR,10/9/2015,16222,40.284586,-104.337594,556308,4459555
400911142,DR,10/9/2015,16108,40.284711,-104.337594,556307,4459569
400911143,DR,10/9/2015,16199,40.284875,-104.337594,556307,4459587
400911144,DR,10/9/2015,16286,40.284794,-104.337594,556307,4459578
400911145,DR,10/9/2015,16125,40.284547,-104.337594,556308,4459550
400911147,DR,10/9/2015,16167,40.284628,-104.337594,556308,4459559
400911975,DR,10/9/2015,16098,40.280225,-104.337611,556310,4459071
400911976,DR,10/9/2015,16156,40.280306,-104.337608,556310,4459080
400911977,DR,10/9/2015,16112,40.280386,-104.337608,556310,4459089
400911978,DR,10/9/2015,16289,40.280469,-104.337608,556310,4459098
400911979,DR,10/9/2015,16214,40.280553,-104.337608,556310,4459107
400911980,DR,10/9/2015,16216,40.280264,-104.337611,556310,4459075
400911981,DR,10/9/2015,16027,40.280347,-104.337608,556310,4459084
400911982,DR,10/9/2015,16112,40.280431,-104.337608,556310,4459094
400911983,DR,10/9/2015,16059,40.280511,-104.337608,556310,4459102
400911984,DR,10/9/2015,16193,40.280594,-104.337608,556310,4459112
400912637,DR,10/9/2015,16168,40.277164,-104.337619,556312,4458731
400912639,DR,10/9/2015,16178,40.277122,-104.337619,556312,4458726
400912643,DR,10/9/2015,16052,40.277081,-104.337619,556312,4458722
400912645,DR,10/9/2015,16260,40.277039,-104.337619,556312,4458717
400912649,DR,10/9/2015,16109,40.276997,-104.337619,556312,4458712
400912652,DR,10/9/2015,16092,40.276958,-104.337622,556312,4458708
400912823,DR,10/7/2015,16360,39.090189,-107.471467,286250,4329693
400916986,DR,12/10/2015,14304,40.555772,-107.574478,282024,4492631
400917149,DR,10/14/2015,16136,40.267458,-104.337636,556318,4457654
400917150,DR,10/14/2015,16205,40.267375,-104.337633,556319,4457644
400917151,DR,10/14/2015,16300,40.267294,-104.337633,556319,4457635
400917152,DR,10/14/2015,16136,40.267211,-104.337631,556319,4457626
400917153,DR,10/14/2015,16242,40.267128,-104.337628,556319,4457617
400917821,DR,10/14/2015,16074,40.270189,-104.337692,556311,4457957
400917823,DR,10/27/2015,16181,40.270353,-104.337694,556311,4457975
400917826,DR,10/23/2015,16186,40.270106,-104.337692,556311,4457947
400917830,DR,10/14/2015,16261,40.270272,-104.337694,556311,4457966
400920078,DR,10/22/2015,11980,40.209330,-105.033890,497116,4450992
400920133,DR,10/22/2015,11807,40.209330,-105.033860,497119,4450992
400920139,DR,11/6/2015,11801,40.614621,-106.389532,382458,4496906
400920145,DR,10/22/2015,11711,40.209330,-105.033820,497122,4450992
400920181,DR,10/22/2015,11889,40.209330,-105.033780,497125,4450992
400920195,DR,10/22/2015,11664,40.209330,-105.033750,497128,4450992
400920296,DR,10/22/2015,11609,40.209360,-105.033930,497113,4450995
400920309,DR,10/22/2015,11821,40.209360,-105.033890,497116,4450995
400920343,DR,10/22/2015,11601,40.209360,-105.033850,497119,4450995
400920354,DR,10/22/2015,11598,40.209360,-105.033820,497122,4450995
400920418,DR,10/22/2015,11813,40.209360,-105.033780,497125,4450995
400924627,DR,12/8/2015,10433,40.742340,-103.967550,587169,4510668
400924628,DR,12/8/2015,10483,40.742340,-103.967680,587158,4510667
400924629,DR,12/8/2015,10482,40.742340,-103.967820,587146,4510667
400924630,DR,12/8/2015,10514,40.742330,-103.968770,587066,4510665
400924631,DR,12/8/2015,10262,40.742330,-103.968900,587055,4510665
400924632,DR,12/8/2015,11042,40.740560,-103.971310,586853,4510466
400924633,DR,12/8/2015,10949,40.740660,-103.971310,586853,4510477
400924635,DR,12/8/2015,11089,40.740760,-103.971320,586852,4510488
400924636,DR,12/8/2015,16221,40.742340,-103.967950,587135,4510667
400924640,DR,12/8/2015,16323,40.742340,-103.968090,587123,4510667
400924644,DR,12/8/2015,16371,40.742330,-103.969040,587043,4510665
400924646,DR,12/8/2015,16478,40.742330,-103.969170,587032,4510665
400925605,DR,10/27/2015,12543,39.960440,-104.823950,515036,4423381
400926410,DR,12/8/2015,16153,40.742370,-103.961880,587647,4510677
400926413,DR,12/8/2015,16340,40.742370,-103.962010,587636,4510676
400926414,DR,12/8/2015,10402,40.742370,-103.961470,587682,4510677
400926415,DR,12/8/2015,10444,40.742370,-103.961600,587671,4510677
400926417,DR,12/8/2015,10194,40.742370,-103.961740,587659,4510677
400928454,DR,11/6/2015,12093,40.394324,-104.585099,535211,4471607
400928709,DR,1/6/2016,10673,40.287762,-104.678962,527288,4459746
400929084,DR,11/6/2015,12183,40.394325,-104.585206,535202,4471608
400929138,DR,11/3/2015,5450,40.734300,-103.666880,612568,4510117
400929139,DR,11/6/2015,12271,40.394325,-104.585153,535207,4471608
400929196,DR,11/6/2015,12221,40.394323,-104.584991,535220,4471607
400929226,DR,11/6/2015,12291,40.394324,-104.585045,535216,4471607
400929695,DR,11/3/2015,10450,40.734300,-103.666880,612568,4510117
400929800,DR,12/14/2015,11302,40.016169,-104.896529,508830,4429557
400930069,DR,11/18/2015,15267,40.458736,-104.863125,511605,4478683
400930091,DR,12/14/2015,11995,40.016170,-104.896708,508815,4429557
400930718,DR,11/4/2015,7397,39.526657,-107.618893,274901,4378498
400930720,DR,11/4/2015,7521,39.526633,-107.619068,274886,4378496
400930777,DR,11/18/2015,14923,40.458736,-104.863286,511591,4478683
400934098,DR,11/17/2015,16243,40.379092,-104.318044,557889,4470057
400934101,DR,11/17/2015,16328,40.379092,-104.317992,557893,4470057
400934159,DR,12/2/2015,16242,40.379067,-104.301525,559291,4470065
400934161,DR,12/2/2015,16177,40.379067,-104.301419,559300,4470066
400934162,DR,12/2/2015,16266,40.379067,-104.301472,559295,4470065
400934180,DR,12/7/2015,16202,40.377239,-104.312967,558321,4469855
400934185,DR,12/7/2015,16274,40.377239,-104.313022,558316,4469855
400934189,DR,12/7/2015,16279,40.377239,-104.312914,558326,4469855
400934191,DR,12/7/2015,16240,40.377239,-104.313075,558312,4469855
400934196,DR,12/7/2015,16202,40.378775,-104.309089,558649,4470028
400934197,DR,12/7/2015,16251,40.378775,-104.309033,558654,4470028
400934198,DR,12/7/2015,16196,40.378778,-104.308981,558658,4470028
400934201,DR,12/7/2015,16295,40.378778,-104.308925,558663,4470028
400934772,DR,11/16/2015,11239,40.396456,-104.580421,535607,4471846
400934806,DR,11/16/2015,11330,40.396374,-104.580431,535606,4471837
400934857,DR,11/16/2015,12914,40.396661,-104.580396,535609,4471869
400934873,DR,11/16/2015,11293,40.396620,-104.580401,535609,4471864
400934879,DR,11/16/2015,11352,40.396538,-104.580411,535608,4471855
400934911,DR,11/16/2015,12975,40.396579,-104.580406,535608,4471860
400934934,DR,11/16/2015,11472,40.396702,-104.580391,535610,4471873
400934941,DR,11/16/2015,13080,40.396743,-104.580386,535610,4471878
400935104,DR,12/3/2015,16756,40.407878,-104.590328,534761,4473110
400936607,DR,12/3/2015,16617,40.407876,-104.590113,534779,4473110
400936650,DR,12/3/2015,16724,40.407877,-104.590167,534774,4473110
400936689,DR,12/3/2015,16670,40.407877,-104.590275,534765,4473110
400936727,DR,12/3/2015,16766,40.407877,-104.590221,534770,4473110
400936753,DR,12/3/2015,16897,40.407875,-104.589951,534793,4473110
400936764,DR,12/3/2015,16795,40.407876,-104.590059,534783,4473110
400936778,DR,12/3/2015,16912,40.407875,-104.590005,534788,4473110
400941638,DR,12/4/2015,16822,40.408589,-104.598271,534086,4473186
400941644,DR,12/4/2015,16733,40.408506,-104.598273,534086,4473176
400941646,DR,12/4/2015,16839,40.408548,-104.598272,534086,4473181
400941649,DR,12/4/2015,16713,40.408465,-104.598273,534086,4473172
400941654,DR,12/4/2015,16759,40.408383,-104.598274,534086,4473163
400941657,DR,12/4/2015,16806,40.408424,-104.598274,534086,4473167
400941658,DR,12/4/2015,16834,40.408630,-104.598271,534086,4473190
400941660,DR,12/4/2015,17011,40.408218,-104.598276,534086,4473144
400941661,DR,12/4/2015,16872,40.408301,-104.598275,534086,4473154
400941665,DR,12/4/2015,17002,40.408259,-104.598276,534086,4473149
400941668,DR,12/4/2015,16888,40.408342,-104.598275,534086,4473158
400944449,DR,12/10/2015,11306,40.379220,-104.546840,538467,4469947
400944559,DR,12/10/2015,11399,40.379290,-104.546780,538472,4469955
400944642,DR,12/10/2015,11238,40.379360,-104.546730,538476,4469962
400944750,DR,12/10/2015,11331,40.379430,-104.546670,538481,4469970
400944809,DR,12/10/2015,11308,40.379500,-104.546610,538486,4469978
400944853,DR,12/10/2015,11469,40.379570,-104.546550,538491,4469986
400944882,DR,12/10/2015,11518,40.379640,-104.546490,538496,4469994
400944917,DR,12/10/2015,11705,40.379710,-104.546430,538501,4470001
400945955,DR,12/7/2015,13713,40.346248,-104.897687,508689,4466194
400946012,DR,12/7/2015,13830,40.346140,-104.897664,508691,4466182
400946031,DR,12/7/2015,11503,40.346194,-104.897675,508690,4466188
400946189,DR,1/26/2016,7031,39.441983,-108.138592,229896,4370528
400946207,DR,1/25/2016,6996,39.442003,-108.138581,229897,4370530
400946249,DR,1/25/2016,6965,39.441817,-108.138689,229887,4370510
400946260,DR,12/7/2015,13692,40.346086,-104.897653,508692,4466176
400946267,DR,1/25/2016,6972,39.441822,-108.138647,229891,4370511
400946278,DR,12/7/2015,13501,40.346032,-104.897641,508693,4466170
400946294,DR,12/7/2015,13715,40.345977,-104.897630,508694,4466163
400946299,DR,12/7/2015,13870,40.345923,-104.897618,508695,4466157
400946323,DR,12/7/2015,13555,40.345869,-104.897606,508696,4466151
400946337,DR,1/25/2016,6998,39.441806,-108.138658,229890,4370509
400946350,DR,12/7/2015,13791,40.345815,-104.897595,508697,4466145
400946413,DR,1/25/2016,7129,39.441786,-108.138669,229889,4370507
400946431,DR,1/25/2016,7479,39.442022,-108.138569,229899,4370533
400946463,DR,1/25/2016,7451,39.441992,-108.138550,229900,4370529
400946479,DR,1/25/2016,7455,39.441956,-108.138569,229898,4370525
400946509,DR,1/25/2016,7421,39.441917,-108.138592,229896,4370521
400952284,DR,1/12/2016,9998,39.392330,-107.972090,244046,4364530
400952292,DR,1/12/2016,10595,39.392520,-107.971873,244066,4364551
400952299,DR,1/12/2016,9994,39.392418,-107.972010,244053,4364540
400952310,DR,1/12/2016,10584,39.392553,-107.971886,244065,4364555
400952317,DR,1/12/2016,10515,39.392537,-107.971857,244067,4364553
400952367,DR,1/12/2016,10218,39.392502,-107.971932,244060,4364549
400952372,DR,1/12/2016,10148,39.392553,-107.971842,244068,4364554
400952845,DR,1/26/2016,9232,37.101778,-107.556178,272844,4109221
400952947,DR,1/21/2016,9996,39.392131,-107.952958,245693,4364454
400952961,DR,1/21/2016,9962,39.392123,-107.952982,245691,4364453
400952970,DR,1/21/2016,9974,39.392116,-107.953007,245689,4364453
400952973,DR,1/21/2016,10067,39.392169,-107.952739,245712,4364458
400952986,DR,1/21/2016,10160,39.392187,-107.952776,245709,4364460
400952996,DR,1/21/2016,10062,39.392179,-107.952803,245707,4364459
400955850,DR,12/17/2015,12487,39.973590,-104.942100,504944,4424828
400956211,DR,12/23/2015,12424,39.998550,-104.939790,505140,4427598
400956274,DR,12/23/2015,12277,39.998590,-104.939800,505139,4427602
400956302,DR,1/6/2016,12450,39.998420,-104.939780,505140,4427584
400956376,DR,12/23/2015,12534,39.998460,-104.939780,505140,4427588
400956406,DR,12/23/2015,12599,39.998380,-104.939770,505141,4427579
400956442,DR,12/23/2015,12523,39.998510,-104.939790,505140,4427594
400956531,DR,12/23/2015,12646,39.998340,-104.939770,505141,4427575
400956578,DR,1/5/2016,16912,40.584244,-106.404519,381137,4493554
400956696,DR,12/29/2015,12117,40.584658,-106.405128,381086,4493601
400956809,DR,12/23/2015,13746,40.388120,-104.473870,544655,4470969
400956911,DR,12/23/2015,13831,40.388140,-104.473760,544664,4470971
400956943,DR,12/23/2015,13643,40.388070,-104.474130,544633,4470963
400956978,DR,12/23/2015,13634,40.388100,-104.473970,544647,4470967
400957051,DR,12/23/2015,13648,40.388080,-104.474080,544637,4470964
400957116,DR,12/23/2015,13735,40.388060,-104.474180,544629,4470962
400959399,DR,1/8/2016,12909,40.073796,-104.789348,517962,4435969
400959401,DR,1/8/2016,12761,40.073797,-104.789241,517971,4435969
400959402,DR,1/8/2016,12942,40.073794,-104.789724,517930,4435969
400959403,DR,1/8/2016,12787,40.073795,-104.789670,517934,4435969
400959404,DR,1/8/2016,12753,40.073795,-104.789509,517948,4435969
400959405,DR,1/8/2016,12824,40.073795,-104.789563,517943,4435969
400959455,DR,1/5/2016,11877,40.584244,-106.404592,381131,4493554
400959573,DR,1/5/2016,16925,40.584244,-106.404447,381143,4493554
400960027,DR,1/5/2016,16952,40.584244,-106.404375,381149,4493554
400960036,DR,1/5/2016,17522,40.584244,-106.404303,381155,4493553
400960271,DR,12/31/2015,11922,40.581934,-104.570964,536310,4492438
400960274,DR,12/31/2015,11655,40.581933,-104.570863,536318,4492438
400960275,DR,12/31/2015,11719,40.581932,-104.570763,536327,4492438
400960277,DR,12/31/2015,12105,40.581931,-104.570662,536335,4492438
400964137,DR,1/13/2016,16305,40.493631,-104.301825,559165,4482782
400964221,DR,1/13/2016,16097,40.493631,-104.301772,559169,4482782
400964224,DR,1/13/2016,16236,40.493631,-104.301717,559174,4482782
400967459,DR,1/18/2016,13739,40.810644,-103.787250,602287,4518445
400967464,DR,1/18/2016,13744,40.810644,-103.787033,602305,4518445
400967465,DR,1/18/2016,13675,40.810644,-103.786817,602323,4518445
400967466,DR,1/18/2016,13760,40.810644,-103.786600,602341,4518445
400967467,DR,1/18/2016,13877,40.810644,-103.787142,602296,4518445
400967468,DR,1/18/2016,13955,40.810644,-103.786925,602314,4518445
400967470,DR,1/18/2016,13876,40.810644,-103.786708,602332,4518445
400967473,DR,1/18/2016,13556,40.810508,-103.787250,602287,4518430
400967474,DR,1/18/2016,13680,40.810508,-103.787033,602305,4518430
400967475,DR,1/18/2016,13616,40.810506,-103.786817,602323,4518430
400967476,DR,1/18/2016,13700,40.810506,-103.786600,602342,4518430
400967477,DR,1/18/2016,13808,40.810508,-103.787142,602296,4518430
400967478,DR,1/18/2016,13898,40.810508,-103.786925,602314,4518430
400967480,DR,1/18/2016,13819,40.810506,-103.786708,602333,4518430
400967744,DR,1/13/2016,10729,40.381200,-104.260589,562764,4470330
400967745,DR,1/13/2016,10809,40.381242,-104.260592,562764,4470335
400967746,DR,1/13/2016,16002,40.381283,-104.260597,562763,4470340
400967747,DR,1/13/2016,16110,40.381322,-104.260600,562763,4470344
400971170,DR,1/18/2016,8546,40.981498,-108.330040,219838,4542046
400971205,RC,1/14/2016,4800,40.657522,-103.278585,645524,4502164
400971768,DR,1/15/2016,3213,37.102012,-107.556184,272844,4109247
400972043,DR,1/15/2016,8009,37.102012,-107.556184,272844,4109247
400972125,DR,1/15/2016,7959,37.102012,-107.556184,272844,4109247
400972172,DR,1/15/2016,7869,37.102120,-107.551840,273231,4109248
400974544,DR,1/20/2016,8372,37.101895,-107.556181,272844,4109234
400974597,DR,1/20/2016,8346,37.101895,-107.556181,272844,4109234
400974620,DR,1/20/2016,8247,37.101895,-107.556181,272844,4109234
400976262,DR,1/25/2016,5300,38.257200,-102.579560,711779,4237123
400636822,DR,10/27/2014,12285,40.458722,-104.946397,504545,4478674
400637803,DR,9/26/2014,12164,40.458722,-104.946236,504558,4478674
400655760,DR,9/26/2014,11897,40.458719,-104.945858,504590,4478674
400655796,DR,9/26/2014,11693,40.458719,-104.945750,504600,4478674
400655886,DR,10/3/2014,14035,40.459050,-104.945911,504586,4478711
400655973,DR,10/2/2014,14001,40.459050,-104.945803,504595,4478711
400656116,DR,10/24/2014,14122,40.459050,-104.945642,504609,4478711
400662723,DR,12/9/2014,12110,40.117468,-105.051107,495645,4440796
400662732,DR,12/9/2014,12186,40.117467,-105.051071,495648,4440796
400662734,DR,12/9/2014,11926,40.117467,-105.051035,495651,4440796
400662735,DR,12/9/2014,11778,40.117467,-105.050999,495654,4440796
400662736,DR,12/9/2014,12131,40.117467,-105.050964,495657,4440796
400662740,DR,12/9/2014,11897,40.117467,-105.050928,495660,4440796
400662741,DR,12/9/2014,11996,40.117467,-105.050892,495663,4440796
400662742,DR,12/9/2014,12136,40.117467,-105.050856,495666,4440796
400662743,DR,12/9/2014,11917,40.117466,-105.050821,495669,4440796
400662744,DR,12/9/2014,12038,40.117466,-105.050785,495672,4440796
400662745,DR,12/9/2014,12199,40.117466,-105.050749,495676,4440796
400662746,DR,12/9/2014,12005,40.117466,-105.050713,495679,4440796
400685882,DR,10/24/2014,14179,40.459050,-104.945697,504604,4478711
400685917,DR,10/2/2014,13882,40.459050,-104.946128,504568,4478711
400713082,DR,11/5/2014,12807,39.981069,-104.951482,504143,4425657
400718049,DR,11/5/2014,12655,39.981068,-104.951411,504149,4425657
400718304,DR,11/5/2014,12859,39.981067,-104.951339,504155,4425657
400718504,DR,11/5/2014,12642,39.981065,-104.951196,504167,4425657
400718742,DR,12/16/2014,12618,39.981066,-104.951268,504161,4425657
400798105,DR,3/18/2015,11955,40.131197,-105.043308,496310,4442320
400798125,DR,3/18/2015,12069,40.131199,-105.043272,496313,4442320
400798126,DR,3/18/2015,11845,40.131200,-105.043237,496316,4442320
400798127,DR,3/18/2015,11923,40.131201,-105.043201,496319,4442320
400798129,DR,3/18/2015,12060,40.131202,-105.043165,496323,4442320
400798130,DR,3/18/2015,11854,40.131203,-105.043129,496326,4442321
400798131,DR,3/18/2015,11963,40.131204,-105.043094,496329,4442321
400798132,DR,3/18/2015,12125,40.131205,-105.043058,496332,4442321
400798133,DR,3/18/2015,11931,40.131206,-105.043022,496335,4442321
400798135,DR,3/18/2015,12057,40.131207,-105.042986,496338,4442321
400798136,DR,3/18/2015,12228,40.131208,-105.042951,496341,4442321
400798137,DR,3/18/2015,12065,40.131209,-105.042915,496344,4442321
400824279,DR,10/30/2015,16008,39.281130,-108.272940,217685,4353083
400843126,DR,1/5/2016,16415,40.541896,-104.187090,568838,4488223
400847446,DE,6/17/2015,7689,40.479953,-106.441165,377846,4482027
400852570,DR,1/13/2016,12340,40.500912,-104.873779,510695,4483364
400852586,DR,1/13/2016,12155,40.500953,-104.873779,510695,4483368
400852618,DR,1/13/2016,12175,40.500837,-104.873779,510695,4483355
400852990,RE,6/12/2015,6433,38.910510,-103.080880,666396,4308597
400853774,DR,1/13/2016,12039,40.500830,-104.873780,510695,4483355
400853799,DR,1/13/2016,12222,40.500789,-104.873780,510695,4483350
400854247,DR,1/13/2016,12087,40.500748,-104.873780,510695,4483345
400854363,DR,1/13/2016,12175,40.500706,-104.873780,510695,4483341
400855164,DR,10/21/2015,14107,40.517710,-104.628920,531435,4485287
400855165,DR,10/21/2015,12042,40.517820,-104.628920,531435,4485299
400855166,DR,10/21/2015,13998,40.517920,-104.628920,531435,4485310
400855167,DR,10/21/2015,16882,40.517730,-104.629460,531389,4485289
400855168,DR,6/22/2015,16815,40.517830,-104.629460,531389,4485300
400855169,DR,10/21/2015,16688,40.517930,-104.629460,531389,4485311
400855171,DR,10/21/2015,13911,40.520620,-104.628900,531435,4485610
400855172,DR,10/21/2015,13454,40.520730,-104.628900,531435,4485622
400855173,DR,10/21/2015,12025,40.520830,-104.628900,531435,4485633
400855174,DR,10/21/2015,13944,40.520930,-104.628900,531435,4485644
400855175,DR,10/21/2015,16761,40.520640,-104.629440,531389,4485612
400855176,DR,10/21/2015,16767,40.520740,-104.629440,531389,4485623
400855177,DR,10/21/2015,16926,40.520840,-104.629440,531389,4485634
400855302,DR,1/13/2016,11985,40.500665,-104.873780,510695,4483336
400855451,DR,10/9/2015,11954,40.242330,-105.021830,498143,4454654
400855461,DR,10/9/2015,12078,40.242330,-105.021780,498147,4454654
400855464,DR,10/9/2015,11842,40.242330,-105.021730,498152,4454654
400855485,DR,10/9/2015,11868,40.242330,-105.021670,498157,4454654
400855486,DR,1/13/2016,12664,40.500624,-104.873780,510695,4483332
400855506,DR,10/9/2015,12008,40.242330,-105.021620,498161,4454654
400855515,DR,10/9/2015,11842,40.242330,-105.021570,498165,4454654
400855530,DR,10/9/2015,11839,40.242330,-105.021410,498179,4454654
400855533,DR,10/9/2015,12012,40.242330,-105.021460,498175,4454654
400855549,DR,10/9/2015,11871,40.242330,-105.021510,498170,4454654
400855630,DR,10/9/2015,11906,40.242260,-105.021400,498180,4454646
400855642,DR,1/13/2016,12862,40.500583,-104.873780,510695,4483327
400855675,DR,10/9/2015,12104,40.242260,-105.021460,498175,4454646
400855689,DR,10/9/2015,11982,40.242260,-105.021510,498170,4454646
400855701,DR,10/9/2015,12069,40.242260,-105.021570,498165,4454646
400855704,DR,10/9/2015,12225,40.242260,-105.021620,498161,4454646
400855708,DR,10/9/2015,12163,40.242260,-105.021670,498157,4454646
400855713,DR,10/9/2015,12244,40.242260,-105.021730,498152,4454646
400855720,DR,10/9/2015,12446,40.242260,-105.021780,498147,4454647
400855739,DR,10/9/2015,12402,40.242260,-105.021830,498143,4454647
400855742,DR,10/9/2015,12531,40.242260,-105.021890,498138,4454647
400863123,DR,7/16/2015,11770,40.535101,-104.734751,522464,4487185
400863142,DR,7/16/2015,11941,40.534855,-104.734778,522462,4487157
400863145,DR,7/16/2015,11767,40.534978,-104.734764,522463,4487171
400863148,DR,7/16/2015,11922,40.535039,-104.734758,522463,4487178
400863153,DR,7/16/2015,11783,40.534916,-104.734771,522462,4487164
400863156,DR,7/16/2015,11825,40.534793,-104.734784,522461,4487151
400870820,DR,11/2/2015,15913,40.408079,-104.142314,572775,4473405
400872311,DR,10/30/2015,16467,39.281150,-108.273110,217670,4353086
400877402,DR,8/6/2015,11531,40.073839,-104.605444,533643,4436027
400877422,DR,11/2/2015,15788,40.408073,-104.142045,572797,4473404
400877450,DR,11/2/2015,15806,40.408069,-104.141884,572811,4473404
400877470,DR,11/2/2015,15882,40.408070,-104.141938,572806,4473404
400877530,DR,8/6/2015,11637,40.073839,-104.605336,533652,4436027
400877585,DR,11/2/2015,15796,40.408063,-104.141614,572834,4473403
400877588,DR,11/2/2015,15867,40.408064,-104.141668,572829,4473404
400877599,DR,11/2/2015,15996,40.408067,-104.141776,572820,4473404
400877610,DR,11/2/2015,15931,40.408065,-104.141722,572825,4473404
400877700,DR,10/27/2015,13474,40.510337,-106.384140,382733,4485322
400885426,DR,10/23/2015,20381,40.414660,-104.798680,517080,4473802
400885462,DR,10/14/2015,20309,40.414640,-104.798690,517079,4473799
400885463,DR,10/23/2015,20256,40.414600,-104.798690,517079,4473795
400885465,DR,10/14/2015,20211,40.414550,-104.798680,517080,4473789
400885468,DR,10/23/2015,20186,40.414470,-104.798680,517080,4473780
400885471,DR,10/14/2015,20610,40.414690,-104.798690,517079,4473805
400885474,DR,10/14/2015,20477,40.414620,-104.798680,517080,4473797
400885475,DR,10/14/2015,20394,40.414510,-104.798680,517080,4473785
400885476,DR,10/14/2015,20258,40.414160,-104.798670,517081,4473746
400885477,DR,10/14/2015,20311,40.414070,-104.798670,517081,4473736
400885479,DR,10/14/2015,20378,40.414030,-104.798660,517082,4473732
400885480,DR,10/14/2015,20452,40.413940,-104.798660,517082,4473722
400885481,DR,10/14/2015,20477,40.414120,-104.798670,517081,4473742
400885483,DR,10/14/2015,20607,40.413980,-104.798660,517082,4473726
400889914,DR,12/4/2015,18083,40.011917,-104.802528,516853,4429099
400890340,DR,12/7/2015,12960,40.012192,-104.801992,516899,4429129
400890931,DR,12/7/2015,12749,40.012192,-104.802047,516894,4429129
400890949,DR,12/7/2015,12607,40.012189,-104.802100,516890,4429129
400890985,DR,12/7/2015,12538,40.012192,-104.802206,516881,4429129
400891250,DR,12/7/2015,12830,40.012189,-104.802153,516885,4429129
400899434,DR,12/21/2015,16046,40.757440,-103.956230,588104,4512355
400900064,DR,12/21/2015,16153,40.757440,-103.956090,588116,4512355
400900277,DR,12/10/2015,16052,40.759220,-103.944130,589123,4512565
400900278,DR,12/10/2015,16013,40.759220,-103.944260,589112,4512565
400900279,DR,12/10/2015,15883,40.759220,-103.944400,589101,4512565
400900280,DR,12/10/2015,10285,40.759240,-103.939340,589528,4512572
400900281,DR,12/10/2015,10320,40.759240,-103.939480,589516,4512572
400900282,DR,12/10/2015,10261,40.759240,-103.939620,589504,4512572
400900283,DR,12/10/2015,15916,40.759240,-103.939070,589550,4512572
400900284,DR,12/10/2015,15947,40.759240,-103.939210,589539,4512572
400900629,DR,12/21/2015,15962,40.759150,-103.951250,588523,4512550
400900746,DR,12/21/2015,16004,40.759150,-103.951390,588511,4512550
400906196,DR,12/8/2015,17617,40.059062,-104.880674,510177,4434319
400906198,DR,12/8/2015,17747,40.059061,-104.880620,510181,4434319
400906200,DR,12/8/2015,17584,40.059061,-104.880513,510191,4434319
400906201,DR,12/8/2015,17676,40.059061,-104.880459,510195,4434319
400907168,DR,10/8/2015,16086,40.292283,-104.356469,554697,4460397
400907171,DR,10/8/2015,16267,40.292325,-104.356469,554697,4460402
400907172,DR,12/16/2015,16138,40.292203,-104.356472,554697,4460388
400907174,DR,10/8/2015,16173,40.292244,-104.356472,554697,4460393
400907177,DR,10/8/2015,16162,40.295697,-104.356425,554698,4460776
400907178,DR,10/8/2015,16029,40.295739,-104.356425,554698,4460781
400907182,DR,10/8/2015,16064,40.295778,-104.356425,554698,4460785
400907183,DR,10/8/2015,15980,40.295819,-104.356422,554698,4460790
400907186,DR,10/8/2015,16165,40.295861,-104.356422,554698,4460794
400907188,DR,10/8/2015,16065,40.295903,-104.356422,554698,4460799
400907315,DR,10/8/2015,15893,40.299519,-104.356375,554699,4461200
400907316,DR,10/8/2015,15978,40.299603,-104.356372,554699,4461210
400907317,DR,10/8/2015,16075,40.299561,-104.356372,554699,4461205
400907318,DR,10/8/2015,15942,40.299437,-104.356375,554699,4461191
400907320,DR,10/8/2015,15978,40.299481,-104.356375,554699,4461196
400908882,DR,12/16/2015,15863,40.302331,-104.356336,554700,4461513
400908886,DR,12/16/2015,15963,40.302497,-104.356336,554700,4461531
400908890,DR,12/16/2015,16045,40.302372,-104.356336,554700,4461517
400908892,DR,10/8/2015,11127,40.302414,-104.356336,554700,4461522
400908893,DR,12/16/2015,11306,40.302456,-104.356336,554700,4461526
400915796,DR,1/20/2016,16366,40.378420,-104.351610,555040,4469961
400915949,DR,12/7/2015,12454,40.012189,-104.802367,516867,4429129
400915952,DR,12/7/2015,12683,40.012189,-104.802314,516871,4429129
400915955,DR,12/7/2015,12457,40.012189,-104.802261,516876,4429129
400916299,DR,10/14/2015,16223,40.263714,-104.337558,556328,4457238
400916303,DR,10/14/2015,16158,40.263794,-104.337561,556328,4457247
400916341,DR,10/14/2015,16251,40.273303,-104.337469,556328,4458302
400916343,DR,10/14/2015,16085,40.273306,-104.337361,556337,4458303
400916344,DR,10/14/2015,16164,40.273306,-104.337253,556346,4458303
400916345,DR,10/14/2015,16110,40.273308,-104.337147,556355,4458303
400920946,DR,11/5/2015,11845,40.089354,-105.024714,497893,4437675
400920947,DR,11/5/2015,11858,40.089354,-105.024678,497896,4437675
400920948,DR,11/5/2015,11878,40.089354,-105.024642,497899,4437675
400920949,DR,11/5/2015,11908,40.089354,-105.024606,497902,4437675
400920950,DR,11/5/2015,12024,40.089353,-105.024571,497905,4437675
400920951,DR,11/5/2015,11939,40.089353,-105.024535,497908,4437675
400920952,DR,11/5/2015,11835,40.089353,-105.024499,497912,4437675
400921772,DR,1/14/2016,16903,40.481040,-104.506390,541837,4481267
400921775,DR,1/14/2016,16725,40.481140,-104.506390,541837,4481278
400921776,DR,1/14/2016,16815,40.481250,-104.506390,541837,4481290
400921777,DR,1/14/2016,16748,40.481350,-104.506390,541837,4481302
400921780,DR,1/14/2016,16906,40.481450,-104.506390,541837,4481313
400921782,DR,1/14/2016,16819,40.480940,-104.506390,541837,4481256
400921784,DR,1/14/2016,16828,40.485460,-104.506390,541835,4481758
400921785,DR,1/14/2016,16748,40.485570,-104.506390,541835,4481770
400921786,DR,1/14/2016,16862,40.485670,-104.506390,541834,4481781
400921789,DR,1/14/2016,16761,40.485770,-104.506390,541834,4481792
400921790,DR,1/14/2016,16835,40.485870,-104.506390,541834,4481803
400922745,DR,12/28/2015,16812,40.131977,-104.604795,533670,4442480
400922747,DR,12/28/2015,14006,40.131977,-104.604688,533679,4442480
400922748,DR,12/28/2015,13868,40.131977,-104.604903,533660,4442480
400922749,DR,12/28/2015,16944,40.131976,-104.604581,533688,4442480
400922750,DR,12/28/2015,13837,40.131976,-104.604473,533697,4442480
400922751,DR,12/28/2015,16778,40.131978,-104.605010,533651,4442480
400922868,DR,11/16/2015,12502,39.944030,-104.845940,513161,4421556
400922976,DR,10/28/2015,15881,40.859786,-103.777353,603045,4523911
400923265,DR,11/13/2015,12565,39.944030,-104.845830,513171,4421557
400923318,DR,10/28/2015,15764,40.859786,-103.777244,603054,4523912
400923321,DR,10/28/2015,15649,40.859789,-103.777136,603064,4523912
400923326,DR,10/28/2015,16007,40.859786,-103.777028,603073,4523912
400923328,DR,10/28/2015,16174,40.859925,-103.777353,603045,4523927
400923330,DR,10/28/2015,16170,40.859925,-103.777244,603054,4523927
400923331,DR,10/28/2015,16101,40.859925,-103.777136,603063,4523927
400923334,DR,10/28/2015,16140,40.859925,-103.777028,603072,4523927
400923560,DR,11/16/2015,12258,39.944030,-104.845890,513166,4421556
400923568,DR,11/12/2015,12371,39.944030,-104.845780,513175,4421557
400923578,DR,1/20/2016,11114,40.352370,-104.390510,551758,4467046
400923579,DR,1/20/2016,11097,40.352310,-104.390510,551758,4467040
400923580,DR,1/20/2016,11180,40.352260,-104.390510,551758,4467034
400923581,DR,1/20/2016,11064,40.352200,-104.390510,551758,4467027
400923582,DR,1/20/2016,11231,40.352150,-104.390510,551758,4467022
400923585,DR,1/12/2016,11336,40.379180,-104.321100,557629,4470065
400923586,DR,1/13/2016,11035,40.379070,-104.321080,557631,4470053
400923587,DR,1/12/2016,16527,40.379120,-104.321090,557630,4470058
400923588,DR,1/20/2016,15868,40.378420,-104.351470,555052,4469961
400923590,DR,11/5/2015,16437,40.378960,-104.331660,556733,4470034
400923591,DR,11/5/2015,16304,40.379010,-104.331660,556733,4470039
400923592,DR,1/20/2016,16061,40.378420,-104.351400,555058,4469961
400923594,DR,1/20/2016,11005,40.378420,-104.351320,555064,4469961
400927737,DR,12/15/2015,6765,39.438859,-108.046855,237781,4369910
400927739,DR,12/14/2015,6621,39.438861,-108.046784,237787,4369910
400927740,DR,12/14/2015,6505,39.438862,-108.046713,237793,4369910
400927743,DR,12/14/2015,6417,39.438864,-108.046642,237799,4369910
400927744,DR,12/15/2015,6362,39.438865,-108.046572,237805,4369910
400927746,DR,12/15/2015,6849,39.438809,-108.046304,237828,4369903
400927747,DR,12/15/2015,6345,39.438808,-108.046375,237822,4369903
400927748,DR,12/15/2015,6366,39.438806,-108.046446,237816,4369903
400927749,DR,12/15/2015,6435,39.438805,-108.046516,237810,4369903
400927751,DR,12/15/2015,6549,39.438803,-108.046587,237804,4369903
400927752,DR,12/15/2015,6611,39.438802,-108.046658,237798,4369904
400927753,DR,12/15/2015,6751,39.438800,-108.046729,237792,4369904
400927755,DR,12/15/2015,7086,39.438860,-108.046819,237784,4369910
400927756,DR,12/15/2015,6912,39.438861,-108.046749,237790,4369910
400927757,DR,12/15/2015,6829,39.438863,-108.046678,237796,4369910
400927758,DR,12/15/2015,6750,39.438864,-108.046607,237802,4369910
400927759,DR,12/15/2015,6655,39.438866,-108.046536,237808,4369910
400927760,DR,12/15/2015,6602,39.438808,-108.046340,237825,4369903
400927762,DR,12/15/2015,6624,39.438807,-108.046410,237819,4369903
400927763,DR,12/15/2015,6670,39.438805,-108.046481,237813,4369903
400927764,DR,12/15/2015,6725,39.438804,-108.046552,237807,4369903
400927765,DR,12/15/2015,6818,39.438802,-108.046623,237801,4369903
400927766,DR,12/15/2015,6953,39.438801,-108.046693,237795,4369904
400928128,RC,11/2/2015,5988,37.484120,-108.932590,152253,4155848
400928384,DR,12/7/2015,6989,39.441572,-108.040739,238318,4370194
400928385,DR,12/7/2015,6893,39.441605,-108.040683,238323,4370197
400928396,DR,12/7/2015,6809,39.441547,-108.040649,238325,4370191
400928398,DR,12/7/2015,6767,39.441514,-108.040706,238320,4370187
400928402,DR,12/7/2015,6741,39.441498,-108.040734,238318,4370186
400928403,DR,12/8/2015,6751,39.441482,-108.040763,238315,4370184
400928404,DR,12/8/2015,6794,39.441465,-108.040791,238313,4370182
400928405,DR,12/8/2015,6874,39.441449,-108.040820,238310,4370180
400928406,DR,12/8/2015,6986,39.441432,-108.040848,238308,4370179
400928407,DR,12/8/2015,7591,39.441490,-108.040881,238305,4370185
400928408,DR,12/8/2015,7401,39.441507,-108.040853,238308,4370187
400928409,DR,12/8/2015,7239,39.441523,-108.040825,238310,4370189
400928410,DR,12/8/2015,7119,39.441539,-108.040796,238313,4370190
400928411,DR,12/8/2015,7440,39.441589,-108.040711,238320,4370196
400928412,DR,12/8/2015,7331,39.441564,-108.040621,238328,4370193
400928413,DR,12/8/2015,7296,39.441531,-108.040678,238323,4370189
400928414,DR,12/8/2015,7564,39.441556,-108.040768,238315,4370192
400931245,DR,11/13/2015,11909,40.312394,-104.374604,553140,4462618
400931249,DR,11/13/2015,12200,40.312353,-104.374594,553141,4462614
400931251,DR,11/13/2015,12143,40.312313,-104.374585,553141,4462609
400931257,DR,11/13/2015,12203,40.312272,-104.374575,553142,4462605
400931260,DR,11/13/2015,12475,40.312232,-104.374566,553143,4462601
400931266,DR,11/13/2015,12432,40.312191,-104.374556,553144,4462596
400931269,DR,11/13/2015,12563,40.312151,-104.374546,553145,4462592
400931270,DR,11/13/2015,12791,40.312110,-104.374537,553146,4462587
400931272,DR,11/13/2015,12960,40.312070,-104.374527,553147,4462583
400931274,DR,11/13/2015,12803,40.312029,-104.374518,553147,4462578
400932350,DR,11/11/2015,12376,39.917288,-104.732457,522865,4418611
400932481,DR,11/11/2015,12495,39.917206,-104.732458,522865,4418602
400932827,DR,11/11/2015,12364,39.917247,-104.732458,522865,4418607
400934042,DR,11/11/2015,12240,39.917164,-104.732458,522865,4418598
400934049,DR,11/11/2015,12271,39.917123,-104.732458,522865,4418593
400934073,DR,11/11/2015,12190,39.917082,-104.732458,522865,4418588
400934081,DR,11/11/2015,12415,39.917000,-104.732458,522865,4418579
400934086,DR,11/17/2015,16279,40.379094,-104.318153,557879,4470057
400934093,DR,11/17/2015,16311,40.379094,-104.318100,557884,4470057
400934094,DR,11/11/2015,12246,39.917041,-104.732458,522865,4418584
400934095,DR,11/11/2015,12189,39.916959,-104.732459,522865,4418575
400934096,DR,11/11/2015,12268,39.916917,-104.732459,522865,4418570
400938451,DR,1/13/2016,17260,40.451630,-104.475820,544448,4478018
400938453,DR,1/13/2016,17323,40.451730,-104.475820,544448,4478029
400938455,DR,1/13/2016,17366,40.451420,-104.475810,544449,4477994
400938457,DR,1/13/2016,17199,40.451520,-104.475820,544448,4478005
400938458,DR,1/13/2016,17435,40.456320,-104.476220,544411,4478538
400938460,DR,1/13/2016,17199,40.456390,-104.476330,544401,4478546
400938461,DR,1/13/2016,17306,40.456450,-104.476440,544392,4478552
400938462,DR,1/13/2016,17287,40.456510,-104.476550,544383,4478559
400938465,DR,1/13/2016,16580,40.458450,-104.478610,544207,4478773
400938467,DR,1/13/2016,16314,40.458560,-104.478610,544207,4478785
400938468,DR,1/13/2016,16643,40.458660,-104.478610,544207,4478797
400938470,DR,1/13/2016,16530,40.462300,-104.478760,544191,4479201
400938471,DR,1/13/2016,16584,40.462400,-104.478760,544191,4479212
400938472,DR,1/13/2016,16630,40.462500,-104.478760,544191,4479223
400938473,DR,1/13/2016,16585,40.462610,-104.478760,544191,4479235
400942822,DR,12/6/2015,13675,40.371173,-104.524790,540343,4469063
400942825,DR,12/6/2015,13720,40.371146,-104.524749,540347,4469061
400942828,DR,12/6/2015,13649,40.371068,-104.524624,540358,4469052
400942831,DR,12/6/2015,13640,40.371120,-104.524707,540350,4469058
400942856,DR,12/6/2015,13708,40.371094,-104.524666,540354,4469055
400942865,DR,12/6/2015,13629,40.376287,-104.525404,540288,4469631
400942867,DR,12/6/2015,13677,40.376253,-104.525435,540286,4469627
400942870,DR,12/6/2015,13630,40.376219,-104.525466,540283,4469623
400942871,DR,12/6/2015,13729,40.376186,-104.525497,540280,4469620
400942872,DR,12/6/2015,13855,40.376152,-104.525528,540278,4469616
400946530,DR,1/25/2016,7431,39.441881,-108.138614,229894,4370517
400946545,DR,1/25/2016,7561,39.441842,-108.138636,229892,4370513
400946578,DR,1/25/2016,7718,39.441908,-108.138636,229892,4370520
400946633,DR,1/25/2016,7672,39.441892,-108.138647,229891,4370518
400946643,DR,1/25/2016,7207,39.441967,-108.138603,229895,4370527
400946650,DR,1/25/2016,7158,39.441928,-108.138625,229893,4370522
400946669,DR,1/25/2016,7239,39.441872,-108.138658,229890,4370516
400946677,DR,1/25/2016,7231,39.441853,-108.138669,229889,4370514
400946683,DR,1/25/2016,7139,39.441833,-108.138678,229888,4370512
400946689,DR,1/25/2016,7268,39.441797,-108.138700,229886,4370508
400947659,DR,12/4/2015,16029,40.391008,-104.222592,565980,4471447
400947660,DR,12/4/2015,16125,40.390967,-104.222592,565980,4471442
400947801,DR,12/4/2015,16075,40.387556,-104.222669,565976,4471064
400947802,DR,12/4/2015,16113,40.387517,-104.222672,565976,4471059
400947803,DR,12/4/2015,16034,40.387475,-104.222669,565977,4471055
400947805,DR,12/4/2015,16147,40.387433,-104.222669,565977,4471050
400950248,DR,12/10/2015,3288,37.173436,-107.672309,262746,4117457
400950253,DR,12/10/2015,3498,37.173436,-107.672240,262752,4117457
400950856,DR,12/30/2015,13662,40.810703,-103.801450,601089,4518435
400950859,DR,12/30/2015,13720,40.810703,-103.801231,601107,4518435
400950860,DR,12/30/2015,13651,40.810703,-103.801014,601126,4518435
400950863,DR,12/30/2015,13732,40.810703,-103.800797,601144,4518435
400950865,DR,12/30/2015,13851,40.810703,-103.801339,601098,4518435
400950867,DR,12/30/2015,13926,40.810703,-103.801122,601116,4518435
400950870,DR,12/30/2015,13849,40.810703,-103.800906,601135,4518435
400950874,DR,12/30/2015,13651,40.810567,-103.801017,601126,4518420
400950877,DR,12/30/2015,13743,40.810567,-103.800800,601144,4518420
400950880,DR,12/30/2015,13926,40.810567,-103.801125,601116,4518420
400950884,DR,12/30/2015,13856,40.810567,-103.800908,601135,4518420
400950886,DR,12/30/2015,13949,40.810567,-103.800583,601162,4518421
400953039,DR,1/21/2016,9982,39.392170,-107.952829,245705,4364458
400953048,DR,1/21/2016,9937,39.392162,-107.952231,245756,4364456
400953068,DR,1/21/2016,9887,39.392108,-107.953032,245687,4364452
400953094,DR,1/21/2016,10058,39.392139,-107.952933,245696,4364455
400953110,DR,1/21/2016,10114,39.392146,-107.952908,245698,4364456
400953123,DR,1/21/2016,9947,39.392086,-107.953106,245681,4364450
400953135,DR,1/21/2016,10222,39.392154,-107.952883,245700,4364457
400957146,DR,12/23/2015,13710,40.388090,-104.474030,544642,4470966
400957169,DR,12/23/2015,13684,40.388130,-104.473820,544659,4470970
400957186,DR,12/23/2015,13726,40.388110,-104.473920,544651,4470968
400958110,DR,1/4/2016,12281,40.584247,-106.405131,381085,4493555
400958252,DR,1/4/2016,11853,40.584656,-106.404589,381132,4493600
400958361,DR,1/4/2016,11971,40.584656,-106.404517,381138,4493599
400958405,DR,1/4/2016,12433,40.584656,-106.404444,381144,4493599
400958467,DR,12/23/2015,11820,40.584269,-106.415828,380180,4493572
400961965,DR,1/6/2016,13685,40.810664,-103.792017,601884,4518441
400961966,DR,1/6/2016,13734,40.810664,-103.791800,601903,4518442
400961967,DR,1/6/2016,13669,40.810664,-103.791583,601921,4518442
400961969,DR,1/6/2016,13754,40.810664,-103.791367,601939,4518442
400961972,DR,1/7/2016,13866,40.810664,-103.791908,601894,4518441
400961974,DR,1/7/2016,13946,40.810664,-103.791692,601912,4518442
400961978,DR,1/7/2016,13869,40.810664,-103.791475,601930,4518442
400961979,DR,1/7/2016,13618,40.810528,-103.792017,601885,4518426
400961981,DR,1/7/2016,13683,40.810528,-103.791800,601903,4518426
400961982,DR,1/7/2016,13629,40.810528,-103.791583,601921,4518427
400961985,DR,1/8/2016,13724,40.810528,-103.791367,601940,4518427
400961987,DR,1/8/2016,13986,40.810528,-103.792342,601857,4518426
400961989,DR,1/8/2016,13854,40.810528,-103.792233,601866,4518426
400961990,DR,1/8/2016,13811,40.810528,-103.791908,601894,4518426
400961992,DR,1/8/2016,13903,40.810528,-103.791692,601912,4518427
400961993,DR,1/8/2016,13836,40.810528,-103.791475,601930,4518427
400962681,DE,12/31/2015,2750,37.100878,-107.881304,243942,4109949
400962823,DR,1/20/2016,11277,40.378420,-104.351540,555046,4469961
400966138,DE,1/7/2016,3001,37.172032,-107.627195,266748,4117189
400966145,DR,1/13/2016,12428,40.349410,-104.543300,538784,4466640
400966221,DR,1/13/2016,12278,40.349430,-104.543340,538781,4466642
400966265,DR,1/13/2016,12341,40.349460,-104.543380,538778,4466645
400966296,DR,1/13/2016,12477,40.349520,-104.543470,538770,4466652
400966381,DR,1/13/2016,12386,40.349490,-104.543420,538774,4466648
400966578,DE,1/11/2016,2880,37.166548,-107.736128,257057,4116854
400973625,DR,1/26/2016,9282,37.101778,-107.556178,272844,4109221
400974010,DR,1/20/2016,3202,37.101895,-107.556181,272844,4109234
400977268,DR,1/26/2016,3202,37.101778,-107.556178,272844,4109221
400977784,DR,1/26/2016,9096,37.101778,-107.556178,272844,4109221
400719242,DR,11/5/2014,12602,39.981065,-104.951125,504173,4425657
400719509,DR,11/5/2014,12517,39.981064,-104.951054,504179,4425657
400719920,DR,11/5/2014,12724,39.981063,-104.950982,504185,4425657
400720021,DR,11/5/2014,12484,39.981062,-104.950911,504191,4425656
400765438,DR,3/26/2015,14287,40.319294,-104.906889,507911,4463201
